<?xml version="1.0" encoding="utf-8"?>
<SampleMetadata>
	<ID>51f9d942-29e2-419a-91eb-b5b7a8e146a5</ID>
	<IsFullApplication>false</IsFullApplication>
    <Brief>This sample demonstrates using a DataTemplateSelector to select a DataTemplate at runtime per item in a ListView.
</Brief>
	<Level>Beginner</Level>
	<LicenseRequirement>Indie</LicenseRequirement>
	<Tags>Templates, Xamarin.Forms</Tags>
	<SupportedPlatforms>Android, iOS, Windows</SupportedPlatforms>
	<Gallery>true</Gallery>
</SampleMetadata>
